Category,Sub-Category,Artist,Title,Carousel Info,Available,Visible
Acting & Performing Arts,Bring Unforgettable Characters to Life,David Lynch,Creativity and Film,,false,true
Acting & Performing Arts,Bring Unforgettable Characters to Life,Steve Martin,Comedy,,false,true
Acting & Performing Arts,Bring Unforgettable Characters to Life,Helen Mirren,Acting,,false,true
Acting & Performing Arts,Bring Unforgettable Characters to Life,Nancy Cartwright,Voice Acting,,false,true
Acting & Performing Arts,Bring Unforgettable Characters to Life,Happy Clothes,A Film About Patricia Field,,false,true
Acting & Performing Arts,Bring Unforgettable Characters to Life,Jodie Foster,Filmmaking,,false,true
Acting & Performing Arts,Bring Unforgettable Characters to Life,Samuel L. Jackson,Acting,,false,true
Acting & Performing Arts,Bring Unforgettable Characters to Life,Natalie Portman,Acting,,false,true
Acting & Performing Arts,Develop Comedy & Improv Skills,Judd Apatow,Comedy,,false,true
Acting & Performing Arts,Develop Comedy & Improv Skills,Amy Poehler,Prepare to Be Unprepared,,false,true
Acting & Performing Arts,Develop Comedy & Improv Skills,Steve Martin,Comedy,,false,false
Acting & Performing Arts,Develop Comedy & Improv Skills,David Sedaris,Storytelling and Humor,,false,true
Acting & Performing Arts,Develop Comedy & Improv Skills,Kevin Hart,Using Humor to Make Your Mark,,false,true
Acting & Performing Arts,"Learn the Art of Theater, Dance, & Magic",Es Devlin,Turning Ideas Into Art,,false,true
Acting & Performing Arts,"Learn the Art of Theater, Dance, & Magic",Penn & Teller,The Art of Magic,,false,true
Acting & Performing Arts,"Learn the Art of Theater, Dance, & Magic",Misty Copeland,Technique and Artistry,,false,true
Acting & Performing Arts,"Learn the Art of Theater, Dance, & Magic",Helen Mirren,Acting,,false,false
Acting & Performing Arts,"Learn the Art of Theater, Dance, & Magic",Parris Goebel,Creativity in Choreography,,false,true
Acting & Performing Arts,"Learn the Art of Theater, Dance, & Magic",David Mamet,Dramatic Writing,,false,true
Acting & Performing Arts,Overcome Stage Fright & Gain Confidence,Misty Copeland,Technique and Artistry,,false,false
Acting & Performing Arts,Overcome Stage Fright & Gain Confidence,Judd Apatow,Comedy,,false,false
Acting & Performing Arts,Overcome Stage Fright & Gain Confidence,Amy Poehler,Prepare to Be Unprepared,,false,false
Acting & Performing Arts,Overcome Stage Fright & Gain Confidence,Steve Martin,Comedy,,false,false
Acting & Performing Arts,Overcome Stage Fright & Gain Confidence,Danny Elfman,Music for Film,,false,true
Acting & Performing Arts,Overcome Stage Fright & Gain Confidence,Helen Mirren,Acting,,false,false
Acting & Performing Arts,Overcome Stage Fright & Gain Confidence,Kevin Hart,Using Humor to Make Your Mark,,false,false
Acting & Performing Arts,Overcome Stage Fright & Gain Confidence,Simone Biles,Gymnastics Fundamentals,,false,true
Acting & Performing Arts,Overcome Stage Fright & Gain Confidence,LeVar Burton,The Power of Storytelling,,false,true
Acting & Performing Arts,Overcome Stage Fright & Gain Confidence,Naomi Campbell,Modeling Fundamentals,,false,true
Acting & Performing Arts,Overcome Stage Fright & Gain Confidence,Samuel L. Jackson,Acting,,false,false
Acting & Performing Arts,Polish Your Acting & Nail That Audition,Usher,The Art of Performance,,false,true
Acting & Performing Arts,Polish Your Acting & Nail That Audition,Steve Martin,Comedy,,false,false
Acting & Performing Arts,Polish Your Acting & Nail That Audition,Helen Mirren,Acting,,false,false
Acting & Performing Arts,Polish Your Acting & Nail That Audition,Nancy Cartwright,Voice Acting,,false,false
Acting & Performing Arts,Polish Your Acting & Nail That Audition,Samuel L. Jackson,Acting,,false,false
Acting & Performing Arts,Polish Your Acting & Nail That Audition,Natalie Portman,Acting,,false,false
Acting & Performing Arts,Study Voice Acting & Refine Your Diction,Helen Mirren,Acting,,false,false
Acting & Performing Arts,Study Voice Acting & Refine Your Diction,Nancy Cartwright,Voice Acting,,false,false
Acting & Performing Arts,Study Voice Acting & Refine Your Diction,Kevin Hart,Using Humor to Make Your Mark,,false,false
Acting & Performing Arts,Study Voice Acting & Refine Your Diction,Chris Voss,The Art of Negotiation,,false,true
Acting & Performing Arts,Study Voice Acting & Refine Your Diction,LeVar Burton,The Power of Storytelling,,false,false
Acting & Performing Arts,Study Voice Acting & Refine Your Diction,Amanda Gorman,Writing and Performing Poetry,,false,true
Acting & Performing Arts,Study Voice Acting & Refine Your Diction,Samuel L. Jackson,Acting,,false,false
Acting & Performing Arts,Study Voice Acting & Refine Your Diction,Natalie Portman,Acting,,false,false
Art & Design,Elevate Your Fashion & Personal Style,Sir John,Create Makeup Looks for Any Moment,,false,true
Art & Design,Elevate Your Fashion & Personal Style,RuPaul,Self-Expression and Authenticity,,false,true
Art & Design,Elevate Your Fashion & Personal Style,Bobbi Brown,Makeup and Beauty,,false,true
Art & Design,Elevate Your Fashion & Personal Style,Karla Welch,Building and Owning Your Personal Style,,false,true
Art & Design,Elevate Your Fashion & Personal Style,Jen Atkin,Style Your Own Hair For Any Occasion,,false,true
Art & Design,Elevate Your Fashion & Personal Style,Tan France,Style for Everyone,,false,true
Art & Design,Elevate Your Fashion & Personal Style,Marc Jacobs,Fashion Design,,false,true
Art & Design,Elevate Your Fashion & Personal Style,Anna Wintour,Creativity and Leadership,,false,true
Art & Design,Elevate Your Fashion & Personal Style,Laura Kim & Fernando Garcia,Creative Collaboration and Fashion,,false,true
Art & Design,Elevate Your Fashion & Personal Style,Happy Clothes,A Film About Patricia Field,,false,false
Art & Design,Elevate Your Fashion & Personal Style,Diane von Furstenberg,Building a Fashion Brand,,false,true
Art & Design,Elevate Your Fashion & Personal Style,Naomi Campbell,Modeling Fundamentals,,false,false
Art & Design,"Paint, Design, or Create Art",Maurice Harris,Design Stunning Floral Arrangements,,false,true
Art & Design,"Paint, Design, or Create Art",Es Devlin,Turning Ideas Into Art,,false,false
Art & Design,"Paint, Design, or Create Art",Devon Rodriguez,Draw and Paint Realistic Portraits,,false,true
Art & Design,"Paint, Design, or Create Art",Tehachapi,A Documentary Film From Artist JR,,false,true
Art & Design,"Paint, Design, or Create Art",Futura,Spray-Painting & Abstract Art,,false,true
Art & Design,"Paint, Design, or Create Art",Jeff Koons,Art and Creativity,,false,true
Art & Design,"Paint, Design, or Create Art",Will Wright,Game Design and Theory,,false,true
Art & Design,"Paint, Design, or Create Art",David Carson,Graphic Design,,false,true
Art & Design,"Paint, Design, or Create Art","Angie Mar, Charles Gabriel, Quie Slobert...",GOAT,,false,true
Business & Entrepreneurship,Build Your Own Brand or Startup,Elaine Welteroth,Designing your career,,false,true
Business & Entrepreneurship,Build Your Own Brand or Startup,"Ethan Mollick, Allie K. Miller...",Achieve More With GenAI,"Work less, achieve more. Learn to leverage AI to boost productivity, enhance creativity, and automate routine tasks.",true,true
Business & Entrepreneurship,Build Your Own Brand or Startup,Mike Cessario and Laura Modi,Business Rebels,,false,true
Business & Entrepreneurship,Build Your Own Brand or Startup,Usher,The Art of Performance,,false,false
Business & Entrepreneurship,Build Your Own Brand or Startup,Mark Cuban,Win Big in Business,Learn the business success strategies that made billionaire Mark Cuban one of the most prolific entrepreneurs of all time.,true,true
Business & Entrepreneurship,Build Your Own Brand or Startup,Robert Reffkin,Buying and Selling Property,,false,true
Business & Entrepreneurship,Build Your Own Brand or Startup,Kris Jenner,The Power of Personal Branding,"Self-made star Kris Jenner teaches you how she built the Kardashian Jenner empire. Stand out and stay on top, whether you’re selling or sharing.",true,true
Business & Entrepreneurship,Build Your Own Brand or Startup,Martha Stewart,"Think Like a Boss, Live Like a Legend",,false,true
Business & Entrepreneurship,Build Your Own Brand or Startup,NINJA,Become a Streaming Icon,,false,true
Business & Entrepreneurship,Build Your Own Brand or Startup,Alexis Ohanian,Building Your Startup,,false,true
Business & Entrepreneurship,Build Your Own Brand or Startup,Jeff Goodby & Rich Silverstein,Advertising and Creativity,,false,true
Business & Entrepreneurship,Build Your Own Brand or Startup,Sara Blakely,Self-Made Entrepreneurship,,false,true
Business & Entrepreneurship,Build Your Own Brand or Startup,Richard Branson,Disruptive Entrepreneurship,,false,true
Business & Entrepreneurship,Build Your Own Brand or Startup,Parris Goebel,Creativity in Choreography,,false,false
Business & Entrepreneurship,Build Your Own Brand or Startup,Ramit Sethi,Financial Wellness,,false,true
Business & Entrepreneurship,Communicate Effectively & Work in Teams,Professor Jeffrey Pfeffer,The Power Playbook: How to Win at Work,,false,true
Business & Entrepreneurship,Communicate Effectively & Work in Teams,Chris Voss,Win Workplace Negotiations,,false,true
Business & Entrepreneurship,Communicate Effectively & Work in Teams,Kim Scott,Tackle the Hard Conversations With Radical Candor®,,false,true
Business & Entrepreneurship,Communicate Effectively & Work in Teams,Amy Poehler,Prepare to Be Unprepared,,false,false
Business & Entrepreneurship,Communicate Effectively & Work in Teams,Marc Jacobs,Fashion Design,,false,false
Business & Entrepreneurship,Communicate Effectively & Work in Teams,Daniel Pink,Sales and Persuasion,,false,true
Business & Entrepreneurship,Communicate Effectively & Work in Teams,Laura Kim & Fernando Garcia,Creative Collaboration and Fashion,,false,false
Business & Entrepreneurship,Communicate Effectively & Work in Teams,Dr. Alexandra Solomon,In Practice: Managing Back-to-School Stress,,false,true
Business & Entrepreneurship,Communicate Effectively & Work in Teams,Kevin Hart,Using Humor to Make Your Mark,,false,false
Business & Entrepreneurship,Communicate Effectively & Work in Teams,"Rich Paul, Bob Myers, and Draymond Green",The Dealmaker's Mindset,,false,true
Business & Entrepreneurship,Communicate Effectively & Work in Teams,Coach K,Values-Driven Leadership,,false,true
Business & Entrepreneurship,Communicate Effectively & Work in Teams,Mellody Hobson,Strategic Decision-Making,,false,true
Business & Entrepreneurship,Communicate Effectively & Work in Teams,Indra Nooyi,Leading With Purpose,,false,true
Business & Entrepreneurship,Communicate Effectively & Work in Teams,Rosalind Brewer,Business Innovation,,false,true
Business & Entrepreneurship,Communicate Effectively & Work in Teams,Esther Perel,Relational Intelligence,,false,true
Business & Entrepreneurship,Communicate Effectively & Work in Teams,Chris Voss,The Art of Negotiation,,false,false
Business & Entrepreneurship,Communicate Effectively & Work in Teams,Robin Roberts,Effective and Authentic Communication,,false,true
Business & Entrepreneurship,Communicate Effectively & Work in Teams,General Stanley McChrystal,Battlefield Tactics for Business Success,,false,true
Business & Entrepreneurship,Communicate Effectively & Work in Teams,Vanessa Van Edwards,"People Intelligence: Read, Lead, and Influence",,false,true
Business & Entrepreneurship,Communicate Effectively & Work in Teams,"Brian Carbaugh, Dawn Meyerriecks...",The Art of Intelligence,,false,true
Business & Entrepreneurship,Communicate Effectively & Work in Teams,Howard Schultz,Business Leadership,,false,true
Business & Entrepreneurship,Get Familiar With Finance & Investing,Elaine Welteroth,Designing your career,,false,false
Business & Entrepreneurship,Get Familiar With Finance & Investing,David Axelrod and Karl Rove,Campaign Strategy and Messaging,,false,true
Business & Entrepreneurship,Get Familiar With Finance & Investing,Paul Krugman,Economics,,false,true
Business & Entrepreneurship,Get Familiar With Finance & Investing,"Ray Dalio, Meredith Whitney...",Mastering the Markets,,false,true
Business & Entrepreneurship,Get Familiar With Finance & Investing,Michael Lewis,Tell a Great Story,,false,true
Business & Entrepreneurship,Get Familiar With Finance & Investing,Robert Reffkin,Buying and Selling Property,,false,false
Business & Entrepreneurship,Get Familiar With Finance & Investing,Mellody Hobson,Strategic Decision-Making,,false,false
Business & Entrepreneurship,Get Familiar With Finance & Investing,Daniel Negreanu,Poker,,false,true
Business & Entrepreneurship,Get Familiar With Finance & Investing,Ramit Sethi,Financial Wellness,,false,false
Business & Entrepreneurship,Get Familiar With Finance & Investing,"Chris Dixon, Changpeng ""CZ"" Zhao...",Crypto and the Blockchain,,false,true
Business & Entrepreneurship,Get Familiar With Finance & Investing,Howard Schultz,Business Leadership,,false,false
Business & Entrepreneurship,Improve Your Public Speaking Skills,"Bill Clinton, Richard Branson...",Skill Builder,,false,true
Business & Entrepreneurship,Improve Your Public Speaking Skills,George W. Bush,Authentic Leadership,,false,true
Business & Entrepreneurship,Improve Your Public Speaking Skills,George Stephanopoulos,Purposeful Communication,,false,true
Business & Entrepreneurship,Improve Your Public Speaking Skills,Michael Lewis,Tell a Great Story,,false,false
Business & Entrepreneurship,Improve Your Public Speaking Skills,Professor Jeffrey Pfeffer,The Power Playbook: How to Win at Work,,false,false
Business & Entrepreneurship,Improve Your Public Speaking Skills,Hillary Rodham Clinton,The Power of Resilience,,false,true
Business & Entrepreneurship,Improve Your Public Speaking Skills,Amy Poehler,Prepare to Be Unprepared,,false,false
Business & Entrepreneurship,Improve Your Public Speaking Skills,Kevin Hart,Using Humor to Make Your Mark,,false,false
Business & Entrepreneurship,Improve Your Public Speaking Skills,LeVar Burton,The Power of Storytelling,,false,false
Business & Entrepreneurship,Improve Your Public Speaking Skills,Robin Roberts,Effective and Authentic Communication,,false,false
Business & Entrepreneurship,Improve Your Public Speaking Skills,Bill Clinton,Inclusive Leadership,My shiny new slide - instructor,false,true
Business & Entrepreneurship,Improve Your Public Speaking Skills,Vanessa Van Edwards,"People Intelligence: Read, Lead, and Influence",,false,false
Business & Entrepreneurship,Improve Your Public Speaking Skills,"Brian Carbaugh, Dawn Meyerriecks...",The Art of Intelligence,,false,false
Business & Entrepreneurship,Improve Your Public Speaking Skills,Neil deGrasse Tyson,Scientific Thinking and Communication,,false,true
Business & Entrepreneurship,Innovate & Think Creatively in Business,"Ethan Mollick, Allie K. Miller...",Achieve More With GenAI,"Work less, achieve more. Learn to leverage AI to boost productivity, enhance creativity, and automate routine tasks.",true,false
Business & Entrepreneurship,Innovate & Think Creatively in Business,Mike Cessario and Laura Modi,Business Rebels,,false,false
Business & Entrepreneurship,Innovate & Think Creatively in Business,"Carol Dweck, David Yeager...",The Power of Mindset,,false,true
Business & Entrepreneurship,Innovate & Think Creatively in Business,Mark Cuban,Win Big in Business,Learn the business success strategies that made billionaire Mark Cuban one of the most prolific entrepreneurs of all time.,true,false
Business & Entrepreneurship,Innovate & Think Creatively in Business,Martha Stewart,"Think Like a Boss, Live Like a Legend",,false,false
Business & Entrepreneurship,Innovate & Think Creatively in Business,Diane Warren: Relentless,A Documentary by Bess Kargman,,false,true
Business & Entrepreneurship,Innovate & Think Creatively in Business,Whitney Wolfe Herd,Rewriting the Rules of Business and Life,,false,true
Business & Entrepreneurship,Innovate & Think Creatively in Business,Anna Wintour,Creativity and Leadership,,false,false
Business & Entrepreneurship,Innovate & Think Creatively in Business,Ryan Holiday,Using Ancient Wisdom to Solve Modern Problems,,false,true
Business & Entrepreneurship,Innovate & Think Creatively in Business,"Rich Paul, Bob Myers, and Draymond Green",The Dealmaker's Mindset,,false,false
Business & Entrepreneurship,Innovate & Think Creatively in Business,Sara Blakely,Self-Made Entrepreneurship,,false,false
Business & Entrepreneurship,Innovate & Think Creatively in Business,Mellody Hobson,Strategic Decision-Making,,false,false
Business & Entrepreneurship,Innovate & Think Creatively in Business,Indra Nooyi,Leading With Purpose,,false,false
Business & Entrepreneurship,Innovate & Think Creatively in Business,Rosalind Brewer,Business Innovation,,false,false
Business & Entrepreneurship,Innovate & Think Creatively in Business,Richard Branson,Disruptive Entrepreneurship,,false,false
Business & Entrepreneurship,Innovate & Think Creatively in Business,"Angie Mar, Charles Gabriel...",GOAT,,false,true
Business & Entrepreneurship,Innovate & Think Creatively in Business,Ramit Sethi,Financial Wellness,,false,false
Business & Entrepreneurship,Innovate & Think Creatively in Business,Howard Schultz,Business Leadership,,false,false
Business & Entrepreneurship,Innovate & Think Creatively in Business,Bob Iger,Business Strategy and Leadership,,false,true
Business & Entrepreneurship,Lead Teams to Success,George W. Bush,Authentic Leadership,,false,false
Business & Entrepreneurship,Lead Teams to Success,Elaine Welteroth,Designing your career,,false,false
Business & Entrepreneurship,Lead Teams to Success,Mike Cessario and Laura Modi,Business Rebels,,false,false
Business & Entrepreneurship,Lead Teams to Success,"Carol Dweck, David Yeager...",The Power of Mindset,,false,false
Business & Entrepreneurship,Lead Teams to Success,Jocko Willink,Critical Leadership Training,,false,true
Business & Entrepreneurship,Lead Teams to Success,Kim Scott,Tackle the Hard Conversations With Radical Candor®,,false,false
Business & Entrepreneurship,Lead Teams to Success,Martha Stewart,"Think Like a Boss, Live Like a Legend",,false,false
Business & Entrepreneurship,Lead Teams to Success,Chris Hadfield,Space Exploration,,false,true
Business & Entrepreneurship,Lead Teams to Success,Anna Wintour,Creativity and Leadership,,false,false
Business & Entrepreneurship,Lead Teams to Success,Ryan Holiday,Using Ancient Wisdom to Solve Modern Problems,,false,false
Business & Entrepreneurship,Lead Teams to Success,Ava DuVernay,Reframe Your Thinking,,false,true
Business & Entrepreneurship,Lead Teams to Success,"Rich Paul, Bob Myers, and Draymond Green",The Dealmaker's Mindset,,false,false
Business & Entrepreneurship,Lead Teams to Success,Sara Blakely,Self-Made Entrepreneurship,,false,false
Business & Entrepreneurship,Negotiate & Persuade Like a Pro,"Chris Voss, Chris Hadfield...",Crisis Day,,false,true
Business & Entrepreneurship,Negotiate & Persuade Like a Pro,George Stephanopoulos,Purposeful Communication,,false,false
Business & Entrepreneurship,Negotiate & Persuade Like a Pro,Michael Lewis,Tell a Great Story,,false,false
Business & Entrepreneurship,Negotiate & Persuade Like a Pro,Robert Reffkin,Buying and Selling Property,,false,false
Business & Entrepreneurship,Negotiate & Persuade Like a Pro,Professor Jeffrey Pfeffer,The Power Playbook: How to Win at Work,,false,false
Business & Entrepreneurship,Negotiate & Persuade Like a Pro,Chris Voss,Win Workplace Negotiations,,false,false
Business & Entrepreneurship,Negotiate & Persuade Like a Pro,Daniel Pink,Sales and Persuasion,,false,false
Business & Entrepreneurship,Negotiate & Persuade Like a Pro,"Rich Paul, Bob Myers, and Draymond Green",The Dealmaker's Mindset,,false,false
Business & Entrepreneurship,Negotiate & Persuade Like a Pro,Mellody Hobson,Strategic Decision-Making,,false,false
Business & Entrepreneurship,Negotiate & Persuade Like a Pro,Chris Voss,The Art of Negotiation,,false,false
Business & Entrepreneurship,Negotiate & Persuade Like a Pro,Vanessa Van Edwards,"People Intelligence: Read, Lead, and Influence",,false,false
Business & Entrepreneurship,Negotiate & Persuade Like a Pro,Jimmy Chin,Adventure Photography,,false,true
Business & Entrepreneurship,Negotiate & Persuade Like a Pro,John Douglas,Think Like an FBI Profiler,,false,true
Business & Entrepreneurship,Negotiate & Persuade Like a Pro,Bob Iger,Business Strategy and Leadership,,false,false
Business & Entrepreneurship,Set Goals & Manage Time Effectively,"Bill Clinton, Richard Branson...",Skill Builder,,false,false
Business & Entrepreneurship,Set Goals & Manage Time Effectively,"Ethan Mollick, Allie K. Miller...",Achieve More With GenAI,"Work less, achieve more. Learn to leverage AI to boost productivity, enhance creativity, and automate routine tasks.",true,false
Business & Entrepreneurship,Set Goals & Manage Time Effectively,George Stephanopoulos,Purposeful Communication,,false,false
Business & Entrepreneurship,Set Goals & Manage Time Effectively,Wayne Gretzky,The Athlete's Mindset,,false,true
Business & Entrepreneurship,Set Goals & Manage Time Effectively,Hillary Rodham Clinton,The Power of Resilience,,false,false
Business & Entrepreneurship,Set Goals & Manage Time Effectively,Martha Stewart,"Think Like a Boss, Live Like a Legend",,false,false
Business & Entrepreneurship,Set Goals & Manage Time Effectively,Chris Hadfield,Space Exploration,,false,false
Business & Entrepreneurship,Set Goals & Manage Time Effectively,Daniel Pink,Sales and Persuasion,,false,false
Business & Entrepreneurship,Set Goals & Manage Time Effectively,Stephen Curry,"Shooting, Ball-Handling and Scoring",,false,true
Business & Entrepreneurship,Set Goals & Manage Time Effectively,Indra Nooyi,Leading With Purpose,,false,false
Business & Entrepreneurship,Set Goals & Manage Time Effectively,James Clear,Small Habits That Make a Big Impact...,,false,true
Business & Entrepreneurship,Set Goals & Manage Time Effectively,Doris Kearns Goodwin,U.S. Presidential History and Leadership,,false,true
Business & Entrepreneurship,Set Goals & Manage Time Effectively,Melinda French Gates,Impactful Giving,,false,true
Business & Entrepreneurship,Set Goals & Manage Time Effectively,Geno Auriemma,Leading Winning Teams,,false,true
Community & Government,Grow as a Community Leader,George W. Bush,Authentic Leadership,,false,false
Community & Government,Grow as a Community Leader,George Stephanopoulos,Purposeful Communication,,false,false
Community & Government,Grow as a Community Leader,Robin Arzon,Mental Strength,,false,true
Community & Government,Grow as a Community Leader,David Axelrod and Karl Rove,Campaign Strategy and Messaging,,false,false
Community & Government,Grow as a Community Leader,Hillary Rodham Clinton,The Power of Resilience,,false,false
Community & Government,Grow as a Community Leader,The Cowboy and the Queen,A Documentary by Oscar Nominee Andrea Nevins,,false,true
Community & Government,Grow as a Community Leader,Lewis Hamilton,A Winning Mindset,,false,true
Community & Government,Grow as a Community Leader,"Pharrell Williams, Robin Arzon...",The Power of Empathy,,false,true
Community & Government,Grow as a Community Leader,Bill Clinton,Inclusive Leadership,,false,false
Community & Government,Grow as a Community Leader,Richard Branson,Disruptive Entrepreneurship,,false,false
Community & Government,Grow as a Community Leader,Doris Kearns Goodwin,U.S. Presidential History and Leadership,,false,false
Community & Government,Grow as a Community Leader,"Brian Carbaugh, Dawn Meyerriecks...",The Art of Intelligence,,false,false
Community & Government,Navigate News With Media Literacy,Elaine Welteroth,Designing your career,,false,false
Community & Government,Navigate News With Media Literacy,David Axelrod and Karl Rove,Campaign Strategy and Messaging,,false,false
Community & Government,Navigate News With Media Literacy,Paul Krugman,Economics,,false,false
Community & Government,Navigate News With Media Literacy,Bill Nye,Science and Problem-Solving,,false,true
Community & Government,Navigate News With Media Literacy,Noam Chomsky,Independent Thinking and Media's Invisible Powers,,false,true
Community & Government,Navigate News With Media Literacy,"Paul Nakasone, Chris Krebs...",Cyberwarfare: The Front Line Is You,,false,true
Community & Government,Navigate News With Media Literacy,Bob Woodward,Investigative Journalism,,false,true
Community & Government,Navigate News With Media Literacy,Neil deGrasse Tyson,Scientific Thinking and Communication,,false,false
Community & Government,Promote Racial Justice & Gender Equality,"Gloria Steinem, Kevin Smith...",Talking Shop,,false,true
Community & Government,Promote Racial Justice & Gender Equality,Hillary Rodham Clinton,The Power of Resilience,,false,false
Community & Government,Promote Racial Justice & Gender Equality,Jose Andres,"Food, Stories, and Connections",,false,true
Community & Government,Promote Racial Justice & Gender Equality,Spike Lee,Independent Filmmaking,,false,true
Community & Government,Promote Racial Justice & Gender Equality,Whitney Wolfe Herd,Rewriting the Rules of Business and Life,,false,false
Community & Government,Promote Racial Justice & Gender Equality,Ava DuVernay,Reframe Your Thinking,,false,false
Community & Government,Promote Racial Justice & Gender Equality,"Gloria Steinem, adrienne maree brown...",Redefining Feminism,,false,true
Community & Government,Promote Racial Justice & Gender Equality,Rosalind Brewer,Business Innovation,,false,false
Community & Government,Promote Racial Justice & Gender Equality,LeVar Burton,The Power of Storytelling,,false,false
Community & Government,Promote Racial Justice & Gender Equality,Melinda French Gates,Impactful Giving,,false,false
Community & Government,Promote Racial Justice & Gender Equality,Roxane Gay,Writing for Social Change,,false,true
Community & Government,Promote Racial Justice & Gender Equality,Michael W. Twitty,Tracing Your Roots Through Food,,false,true
Community & Government,Promote Racial Justice & Gender Equality,"Angela Davis, Cornel West...","Black History, Black Freedom, and Black Love",,false,true
Community & Government,Promote Racial Justice & Gender Equality,Malala Yousafzai,Creating Change,,false,true
Community & Government,Study Domestic & International Affairs,"Chris Voss, Chris Hadfield...",Crisis Day,,false,false
Community & Government,Study Domestic & International Affairs,George W. Bush,Authentic Leadership,,false,false
Community & Government,Study Domestic & International Affairs,David Axelrod and Karl Rove,Campaign Strategy and Messaging,,false,false
Community & Government,Study Domestic & International Affairs,Paul Krugman,Economics,,false,false
Community & Government,Study Domestic & International Affairs,"Ray Dalio, Meredith Whitney...",Mastering the Markets,,false,false
Community & Government,Study Domestic & International Affairs,The Cowboy and the Queen,A Documentary by Oscar Nominee Andrea Nevins,,false,false
Community & Government,Study Domestic & International Affairs,Madeleine Albright & Condoleezza Rice,Diplomacy,,false,true
Community & Government,Study Domestic & International Affairs,Bill Clinton,Inclusive Leadership,,false,false
Community & Government,Study Domestic & International Affairs,Doris Kearns Goodwin,U.S. Presidential History and Leadership,,false,false
Community & Government,Study Domestic & International Affairs,General Stanley McChrystal,Battlefield Tactics for Business Success,,false,false
Community & Government,Study Domestic & International Affairs,"Brian Carbaugh, Dawn Meyerriecks...",The Art of Intelligence,,false,false
Community & Government,Study Domestic & International Affairs,"Angela Davis, Cornel West...","Black History, Black Freedom, and Black Love",,false,false
Community & Government,Study Domestic & International Affairs,"Paul Nakasone, Chris Krebs...",Cyberwarfare: The Front Line Is You,,false,false
Community & Government,Unlock Empathy & Philosophical Wisdom,Jon Kabat-Zinn,Mindfulness and Meditation,,false,true
Community & Government,Unlock Empathy & Philosophical Wisdom,RuPaul,Self-Expression and Authenticity,,false,false
Community & Government,Unlock Empathy & Philosophical Wisdom,Cornel West,Philosophy,,false,true
Community & Government,Unlock Empathy & Philosophical Wisdom,The Cowboy and the Queen,A Documentary by Oscar Nominee Andrea Nevins,,false,false
Community & Government,Unlock Empathy & Philosophical Wisdom,Jose Andres,"Food, Stories, and Connections",,false,false
Community & Government,Unlock Empathy & Philosophical Wisdom,Tehachapi,A Documentary Film From Artist JR,,false,false
Community & Government,Unlock Empathy & Philosophical Wisdom,Ryan Holiday,Using Ancient Wisdom to Solve Modern Problems,,false,false
Community & Government,Unlock Empathy & Philosophical Wisdom,Jeff Koons,Art and Creativity,,false,false
Community & Government,Unlock Empathy & Philosophical Wisdom,Noam Chomsky,Independent Thinking and Media's Invisible Powers,,false,false
Community & Government,Unlock Empathy & Philosophical Wisdom,N.K. Jemisin,Fantasy and Science Fiction Writing,,false,true
Community & Government,Unlock Empathy & Philosophical Wisdom,Madeleine Albright & Condoleezza Rice,Diplomacy,,false,false
Community & Government,Unlock Empathy & Philosophical Wisdom,"Pharrell Williams, Robin Arzon...",The Power of Empathy,,false,false
Community & Government,Unlock Empathy & Philosophical Wisdom,LeVar Burton,The Power of Storytelling,,false,false
Community & Government,Unlock Empathy & Philosophical Wisdom,Robin Roberts,Effective and Authentic Communication,,false,false
Community & Government,Use Philanthropy to Enact Change,Jeff Goodby & Rich Silverstein,Advertising and Creativity,,false,false
Community & Government,Use Philanthropy to Enact Change,Noam Chomsky,Independent Thinking and Media's Invisible Powers,,false,false
Community & Government,Use Philanthropy to Enact Change,"Gloria Steinem, adrienne maree brown...",Redefining Feminism,,false,false
Community & Government,Use Philanthropy to Enact Change,Richard Branson,Disruptive Entrepreneurship,,false,false
Community & Government,Use Philanthropy to Enact Change,Melinda French Gates,Impactful Giving,,false,false
Community & Government,Use Philanthropy to Enact Change,"Angela Davis, Cornel West...","Black History, Black Freedom, and Black Love",,false,false
Community & Government,Use Philanthropy to Enact Change,Dr. Jane Goodall,Conservation,,false,true
Community & Government,Use Philanthropy to Enact Change,Malala Yousafzai,Creating Change,,false,false
Film & TV,Boost Your Film Editing Skills,Mira Nair,Independent Filmmaking,,false,true
Film & TV,Boost Your Film Editing Skills,Marques Brownlee,Make Compelling Videos That Go Viral,,false,true
Film & TV,Boost Your Film Editing Skills,Judd Apatow,Comedy,,false,false
Film & TV,Boost Your Film Editing Skills,Werner Herzog,Filmmaking,,false,true
Film & TV,Boost Your Film Editing Skills,Jodie Foster,Filmmaking,,false,false
Film & TV,Boost Your Film Editing Skills,Ron Howard,Directing,,false,true
Film & TV,Boost Your Film Editing Skills,Ken Burns,Documentary Filmmaking,,false,true
Film & TV,Boost Your Film Editing Skills,Martin Scorsese,Filmmaking,,false,true
Film & TV,Break Into the Entertainment Business,Mindy Kaling,Scripting Your Own Success,,false,true
Film & TV,Break Into the Entertainment Business,Mira Nair,Independent Filmmaking,,false,false
Film & TV,Break Into the Entertainment Business,Spike Lee,Independent Filmmaking,,false,false
Film & TV,Break Into the Entertainment Business,Werner Herzog,Filmmaking,,false,false
Film & TV,Break Into the Entertainment Business,Issa Rae,Creating Outside the Lines,,false,true
Film & TV,Break Into the Entertainment Business,Nancy Cartwright,Voice Acting,,false,false
Film & TV,Break Into the Entertainment Business,The Duffer Brothers,Developing an Original TV Series,,false,true
Film & TV,Break Into the Entertainment Business,James Cameron,Filmmaking,,false,true
Film & TV,Break Into the Entertainment Business,Samuel L. Jackson,Acting,,false,false
Film & TV,Break Into the Entertainment Business,Ken Burns,Documentary Filmmaking,,false,false
Film & TV,Break Into the Entertainment Business,Shonda Rhimes,Writing for Television,,false,true
Film & TV,Compose Sweeping Film Scores,Hans Zimmer,Film Scoring,,false,true
Film & TV,Compose Sweeping Film Scores,Mira Nair,Independent Filmmaking,,false,false
Film & TV,Compose Sweeping Film Scores,David Lynch,Creativity and Film,,false,false
Film & TV,Compose Sweeping Film Scores,Spike Lee,Independent Filmmaking,,false,false
Film & TV,Compose Sweeping Film Scores,Danny Elfman,Music for Film,,false,false
Film & TV,Compose Sweeping Film Scores,Ron Howard,Directing,,false,false
Film & TV,Compose Sweeping Film Scores,Ken Burns,Documentary Filmmaking,,false,false
Film & TV,Compose Sweeping Film Scores,Martin Scorsese,Filmmaking,,false,false
Film & TV,Create Impactful Documentary Films,The Cowboy and the Queen,A Documentary by Oscar Nominee Andrea Nevins,,false,false
Film & TV,Create Impactful Documentary Films,Spike Lee,Independent Filmmaking,,false,false
Film & TV,Create Impactful Documentary Films,Tehachapi,A Documentary Film From Artist JR,,false,false
Film & TV,Create Impactful Documentary Films,Werner Herzog,Filmmaking,,false,false
Film & TV,Create Impactful Documentary Films,Ken Burns,Documentary Filmmaking,,false,false
Film & TV,Develop Iconic Cinematic Characters,Hans Zimmer,Film Scoring,,false,false
Film & TV,Develop Iconic Cinematic Characters,Mira Nair,Independent Filmmaking,,false,false
Film & TV,Develop Iconic Cinematic Characters,David Lynch,Creativity and Film,,false,false
Film & TV,Develop Iconic Cinematic Characters,"Gloria Steinem, Kevin Smith...",Talking Shop,,false,false
Film & TV,Develop Iconic Cinematic Characters,Spike Lee,Independent Filmmaking,,false,false
Film & TV,Develop Iconic Cinematic Characters,Judd Apatow,Comedy,,false,false
Film & TV,Develop Iconic Cinematic Characters,Issa Rae,Creating Outside the Lines,,false,false
Film & TV,Develop Iconic Cinematic Characters,The Duffer Brothers,Developing an Original TV Series,,false,false
Film & TV,Develop Iconic Cinematic Characters,James Cameron,Filmmaking,,false,false
Film & TV,Develop Iconic Cinematic Characters,Aaron Sorkin,Screenwriting,,false,true
Film & TV,Develop Iconic Cinematic Characters,Jodie Foster,Filmmaking,,false,false
Film & TV,Develop Iconic Cinematic Characters,Ron Howard,Directing,,false,false
Film & TV,Develop Iconic Cinematic Characters,Shonda Rhimes,Writing for Television,,false,false
Film & TV,Develop Iconic Cinematic Characters,Martin Scorsese,Filmmaking,,false,false
Film & TV,Pitch & Write Stories for Film & TV,Mindy Kaling,Scripting Your Own Success,,false,false
Film & TV,Pitch & Write Stories for Film & TV,Spike Lee,Independent Filmmaking,,false,false
Film & TV,Pitch & Write Stories for Film & TV,Judd Apatow,Comedy,,false,false
Film & TV,Pitch & Write Stories for Film & TV,Steve Martin,Comedy,,false,false
Film & TV,Pitch & Write Stories for Film & TV,Issa Rae,Creating Outside the Lines,,false,false
Film & TV,Pitch & Write Stories for Film & TV,The Duffer Brothers,Developing an Original TV Series,,false,false
Film & TV,Pitch & Write Stories for Film & TV,James Cameron,Filmmaking,,false,false
Film & TV,Pitch & Write Stories for Film & TV,Aaron Sorkin,Screenwriting,,false,false
Film & TV,Pitch & Write Stories for Film & TV,Jodie Foster,Filmmaking,,false,false
Film & TV,Pitch & Write Stories for Film & TV,Ron Howard,Directing,,false,false
Film & TV,Pitch & Write Stories for Film & TV,Ken Burns,Documentary Filmmaking,,false,false
Film & TV,Pitch & Write Stories for Film & TV,Shonda Rhimes,Writing for Television,,false,false
Film & TV,Pitch & Write Stories for Film & TV,Martin Scorsese,Filmmaking,,false,false
Food & Drink,Create Healthy & Tasty Vegetarian Meals,Alice Waters,The Art of Home Cooking,,false,true
Food & Drink,Create Healthy & Tasty Vegetarian Meals,Madhur Jaffrey,Indian Cooking,,false,true
Food & Drink,Create Healthy & Tasty Vegetarian Meals,Massimo Bottura,Modern Italian Cooking,,false,true
Food & Drink,Create Healthy & Tasty Vegetarian Meals,Ron Finley,Gardening,,false,true
Food & Drink,Create Healthy & Tasty Vegetarian Meals,Dominique Crenn,Modern Vegetarian Cooking,,false,true
Food & Drink,Create Healthy & tasty Vegetarian Meals,Thomas Keller,"Cooking Techniques III: Seafood, Sous Vide...",,false,true
Food & Drink,Create Healthy & Tasty Vegetarian Meals,Michael W. Twitty,Tracing Your Roots Through Food,,false,false
Food & Drink,Create Healthy & Tasty Vegetarian Meals,Mashama Bailey,Southern Cooking,,false,true
Food & Drink,Create Healthy & Tasty Vegetarian Meals,Gordon Ramsay,Cooking II: Restaurant Recipes at Home,,false,true
Food & Drink,Create Healthy & Tasty Vegetarian Meals,"Dr. Wendy Suzuki, Dr. Lisa Feldman...",Brain Health,,false,true
Food & Drink,Create Healthy & Tasty Vegetarian Meals,Thomas Keller,"Cooking Techniques I: Vegetables, Pasta...",,false,true
Food & Drink,Create Healthy & Tasty Vegetarian Meals,Yotam Ottolenghi,Modern Middle Eastern Cooking,,false,true
Food & Drink,Explore Global Cuisines & Food Culture,Madhur Jaffrey,Indian Cooking,,false,false
Food & Drink,Explore Global Cuisines & Food Culture,Roy Choi,Intuitive Cooking,,false,true
Food & Drink,Explore Global Cuisines & Food Culture,Emily Wines,A Sommelier's Snob-Free Guide to Wine,,false,true
Food & Drink,Explore Global Cuisines & Food Culture,Jose Andres,"Food, Stories, and Connections",,false,false
Food & Drink,Explore Global Cuisines & Food Culture,Massimo Bottura,Modern Italian Cooking,,false,false
Food & Drink,Explore Global Cuisines & Food Culture,Gabriela Camara,Mexican Cooking,,false,true
Food & Drink,Explore Global Cuisines & Food Culture,Michael W. Twitty,Tracing Your Roots Through Food,,false,false
Food & Drink,Explore Global Cuisines & Food Culture,Niki Nakayama,Modern Japanese Cooking,,false,true
Food & Drink,Explore Global Cuisines & Food Culture,Yotam Ottolenghi,Modern Middle Eastern Cooking,,false,false
Food & Drink,"Refine Your Beef, Chicken, & Meat Dishes",Aaron Franklin,Texas-Style BBQ,,false,true
Food & Drink,"Refine Your Beef, Chicken, & Meat Dishes",Madhur Jaffrey,Indian Cooking,,false,false
Food & Drink,"Refine Your Beef, Chicken, & Meat Dishes",Roy Choi,Intuitive Cooking,,false,false
Food & Drink,"Refine Your Beef, Chicken, & Meat Dishes",Thomas Keller,"Cooking Techniques II: Meats, Stocks...",,false,true
Food & Drink,"Refine Your Beef, Chicken, & Meat Dishes",Jose Andres,"Food, Stories, and Connections",,false,false
Food & Drink,"Refine Your Beef, Chicken, & Meat Dishes",Massimo Bottura,Modern Italian Cooking,,false,false
Food & Drink,"Refine Your Beef, Chicken, & Meat Dishes",Wolfgang Puck,Cooking,,false,true
Food & Drink,"Refine Your Beef, Chicken, & Meat Dishes",Gabriela Camara,Mexican Cooking,,false,false
Food & Drink,"Refine Your Beef, Chicken, & Meat Dishes",Gordon Ramsay,Cooking I,,false,true
Food & Drink,"Refine Your Beef, Chicken, & Meat Dishes","Angie Mar, Charles Gabriel...",GOAT,,false,false
Food & Drink,"Refine Your Beef, Chicken, & Meat Dishes",Michael W. Twitty,Tracing Your Roots Through Food,,false,false
Food & Drink,"Refine Your Beef, Chicken, & Meat Dishes",Mashama Bailey,Southern Cooking,,false,false
Food & Drink,"Refine Your Beef, Chicken, & Meat Dishes",Gordon Ramsay,Cooking II: Restaurant Recipes at Home,,false,false
Food & Drink,Spice Up Your Food With Sauces & Herbs,Alice Waters,The Art of Home Cooking,,false,false
Food & Drink,Spice Up Your Food With Sauces & Herbs,Roy Choi,Intuitive Cooking,,false,false
Food & Drink,Spice Up Your Food With Sauces & Herbs,Thomas Keller,"Cooking Techniques II: Meats, Stocks...",,false,false
Food & Drink,Spice Up Your Food With Sauces & Herbs,Ron Finley,Gardening,,false,false
Food & Drink,Spice Up Your Food With Sauces & Herbs,Wolfgang Puck,Cooking,,false,false
Food & Drink,Spice Up Your Food With Sauces & Herbs,Gabriela Camara,Mexican Cooking,,false,false
Food & Drink,Spice Up Your Food With Sauces & Herbs,Thomas Keller,"Cooking Techniques I: Vegetables, Pasta...",,false,false
Food & Drink,Spice Up Your Food With Sauces & Herbs,Yotam Ottolenghi,Modern Middle Eastern Cooking,,false,false
Games & Digital Media,Explore Advanced Gaming Tactics,"Joe Fortenbaugh, Nick Kostos...",Bet Smart: Top Sports Betting Strategies,,false,true
Games & Digital Media,Explore Advanced Gaming Tactics,Terence Tao,Mathematical Thinking,,false,true
Games & Digital Media,Explore Advanced Gaming Tactics,Will Wright,Game Design and Theory,,false,false
Games & Digital Media,Explore Advanced Gaming Tactics,Daniel Negreanu,Poker,,false,false
Games & Digital Media,Create Compelling Digital Content,Devon Rodriguez,Draw and Paint Realistic Portraits,,false,false
Games & Digital Media,Create Compelling Digital Content,Marques Brownlee,Make Compelling Videos That Go Viral,,false,false
Games & Digital Media,Create Compelling Digital Content,NINJA,Become a Streaming Icon,,false,false
Games & Digital Media,Create Compelling Digital Content,Jeff Goodby & Rich Silverstein,Advertising and Creativity,,false,false
Games & Digital Media,Create Compelling Digital Content,"Chris Dixon, Changpeng ""CZ"" Zhao...",Crypto and the Blockchain,,false,false
Health & Wellness,Build a Mindfulness & Meditation Routine,Joe Holder,Fitness and Wellness Fundamentals,,false,true
Health & Wellness,Build a Mindfulness & Meditation Routine,Jon Kabat-Zinn,Mindfulness and Meditation,,false,false
Health & Wellness,Build a Mindfulness & Meditation Routine,Jay Shetty,Navigating Change,,false,true
Health & Wellness,Build a Mindfulness & Meditation Routine,"Halle Berry, Dr. Judith Joseph...",The Magic of Menopause,,false,true
Health & Wellness,Build a Mindfulness & Meditation Routine,RuPaul,Self-Expression and Authenticity,,false,false
Health & Wellness,Build a Mindfulness & Meditation Routine,"Dr. Shereene Idriss, Dr. Michelle Henry...",Skin Health,,false,true
Health & Wellness,Build a Mindfulness & Meditation Routine,Robin Arzón,Mental Strength,,false,true
Health & Wellness,Build a Mindfulness & Meditation Routine,"Carol Dweck, David Yeager...",The Power of Mindset,,false,false
Health & Wellness,Build a Mindfulness & Meditation Routine,Donna Farhi,Yoga Foundations,,false,true
Health & Wellness,Build a Mindfulness & Meditation Routine,Hillary Rodham Clinton,The Power of Resilience,,false,false
Health & Wellness,Build a Mindfulness & Meditation Routine,Dr. Alexandra Solomon,In Practice: Managing Back-to-School Stress,,false,false
Health & Wellness,Build a Mindfulness & Meditation Routine,Diane von Furstenberg,Building a Fashion Brand,,false,false
Health & Wellness,Build a Mindfulness & Meditation Routine,Doris Kearns Goodwin,U.S. Presidential History and Leadership,,false,false
Health & Wellness,Build a Mindfulness & Meditation Routine,"Dr. Wendy Suzuki, Dr. Lisa Feldman...",Brain Health,,false,false
Health & Wellness,Build a Mindfulness & Meditation Routine,Ramit Sethi,Financial Wellness,,false,false
Health & Wellness,Build a Mindfulness & Meditation Routine,Dr. Peter Attia,Dr. Peter Attia,,false,true
Health & Wellness,Cultivate Intimacy & Sexual Well-being,"Halle Berry, Dr. Judith Joseph...",The Magic of Menopause,,false,false
Health & Wellness,Cultivate Intimacy & Sexual Well-being,Shan Boodram,The Art of Sex Appeal,,false,true
Health & Wellness,Cultivate Intimacy & Sexual Well-being,Emily Morse,Sex and Communication,,false,true
Health & Wellness,Cultivate Intimacy & Sexual Well-being,Ryan Holiday,Using Ancient Wisdom to Solve Modern Problems,,false,false
Health & Wellness,Cultivate Intimacy & Sexual Well-being,"Gloria Steinem, adrienne maree brown...",Redefining Feminism,,false,false
Health & Wellness,Cultivate Intimacy & Sexual Well-being,Esther Perel,Relational Intelligence,,false,false
Health & Wellness,Eat Healthy for a Nutritious Life,Joe Holder,Fitness and Wellness Fundamentals,,false,false
Health & Wellness,Eat Healthy for a Nutritious Life,Matthew Walker,The Science of Better Sleep,,false,true
Health & Wellness,Eat Healthy for a Nutritious Life,"Dr. Shereene Idriss, Dr. Michelle Henry...",Skin Health,,false,false
Health & Wellness,Eat Healthy for a Nutritious Life,Robin Arzón,Mental Strength,,false,false
Health & Wellness,Eat Healthy for a Nutritious Life,"David Zilber, Dr. Emeran Mayer...",Gut Health,,false,true
Health & Wellness,Eat Healthy for a Nutritious Life,Ron Finley,Gardening,,false,false
Health & Wellness,Eat Healthy for a Nutritious Life,Dominique Crenn,Modern Vegetarian Cooking,,false,false
Health & Wellness,Eat Healthy for a Nutritious Life,Lewis Hamilton,A Winning Mindset,,false,false
Health & Wellness,Eat Healthy for a Nutritious Life,Michael Pollan,Intentional Eating,,false,true
Health & Wellness,Eat Healthy for a Nutritious Life,"Dr. Wendy Suzuki, Dr. Lisa Feldman...",Brain Health,,false,false
Health & Wellness,Improve Your Sleep & Physical Well-Being,Joe Holder,Fitness and Wellness Fundamentals,,false,false
Health & Wellness,Improve Your Sleep & Physical Well-Being,"Halle Berry, Dr. Judith Joseph...",The Magic of Menopause,,false,false
Health & Wellness,Improve Your Sleep & Physical Well-Being,Matthew Walker,The Science of Better Sleep,,false,false
Health & Wellness,Improve Your Sleep & Physical Well-Being,"David Zilber, Dr. Emeran Mayer...",Gut Health,,false,false
Health & Wellness,Improve Your Sleep & Physical Well-Being,Joan Benoit Samuelson,The Runner's Mindset,,false,true
Health & Wellness,Improve Your Sleep & Physical Well-Being,Donna Farhi,Yoga Foundations,,false,false
Health & Wellness,Improve Your Sleep & Physical Well-Being,Dr. Alexandra Solomon,In Practice: Managing Back-to-School Stress,,false,false
Health & Wellness,Improve Your Sleep & Physical Well-Being,James Clear,Small Habits That Make a Big Impact on Your Life,,false,true
Health & Wellness,Improve Your Sleep & Physical Well-Being,"Dr. Wendy Suzuki, Dr. Lisa Feldman...",Brain Health,,false,false
Health & Wellness,Improve Your Sleep & Physical Well-Being,Dr. Peter Attia,Dr. Peter Attia,,false,false
Health & Wellness,Reduce Stress & Boost Mental Strength,Joe Holder,Fitness and Wellness Fundamentals,,false,false
Health & Wellness,Reduce Stress & Boost Mental Strength,Jon Kabat-Zinn,Mindfulness and Meditation,,false,false
Health & Wellness,Reduce Stress & Boost Mental Strength,"Dr. Lisa Damour, Dr. Aliza Pressman...",The Science of Parenting,,false,true
Health & Wellness,Reduce Stress & Boost Mental Strength,Jay Shetty,Navigating Change,,false,false
Health & Wellness,Reduce Stress & Boost Mental Strength,"Halle Berry, Dr. Judith Joseph...",The Magic of Menopause,,false,false
Health & Wellness,Reduce Stress & Boost Mental Strength,RuPaul,Self-Expression and Authenticity,,false,false
Health & Wellness,Reduce Stress & Boost Mental Strength,"Dr. Shereene Idriss, Dr. Michelle Henry...",Skin Health,,false,false
Health & Wellness,Reduce Stress & Boost Mental Strength,Robin Arzón,Mental Strength,,false,false
Health & Wellness,Reduce Stress & Boost Mental Strength,"Carol Dweck, David Yeager...",The Power of Mindset,,false,false
Health & Wellness,Reduce Stress & Boost Mental Strength,Donna Farhi,Yoga Foundations,,false,false
Health & Wellness,Reduce Stress & Boost Mental Strength,Hillary Rodham Clinton,The Power of Resilience,,false,false
Health & Wellness,Reduce Stress & Boost Mental Strength,Dr. Alexandra Solomon,In Practice: Managing Back-to-School Stress,,false,false
Health & Wellness,Reduce Stress & Boost Mental Strength,Diane von Furstenberg,Building a Fashion Brand,,false,false
Health & Wellness,Reduce Stress & Boost Mental Strength,Doris Kearns Goodwin,U.S. Presidential History and Leadership,,false,false
Health & Wellness,Reduce Stress & Boost Mental Strength,"Dr. Wendy Suzuki, Dr. Lisa Feldman...",Brain Health,,false,false
Health & Wellness,Reduce Stress & Boost Mental Strength,Ramit Sethi,Financial Wellness,,false,false
Health & Wellness,Reduce Stress & Boost Mental Strength,Dr. Peter Attia,Dr. Peter Attia,,false,false
Music,Improve Your Vocal Performance Skills,Alicia Keys,Songwriting and Producing,,false,true
Music,Improve Your Vocal Performance Skills,Mariah Carey,The Voice as an Instrument,,false,true
Music,Improve Your Vocal Performance Skills,Christina Aguilera,Singing,,false,true
Music,Improve Your Vocal Performance Skills,Christina Aguilera,Elevate your Singing and Stage Presence,,false,true
Music,Improve Your Vocal Performance Skills,John Legend,Songwriting,,false,true
Music,Improve Your Vocal Performance Skills,Reba McEntire,Country Music,,false,true
Music,Improve Your Vocal Performance Skills,St Vincent,Creativity and Songwriting,,false,true
Music,Learn a New Musical Instrument,Ringo Starr,Drumming & Creative Collaboration,,false,true
Music,Learn a New Musical Instrument,Carlos Santana,The Art and Soul of Guitar,,false,true
Music,Learn a New Musical Instrument,Jake Shimabukuro,‘Ukulele,,false,true
Music,Learn a New Musical Instrument,Itzhak Perlman,Violin,,false,true
Music,Learn a New Musical Instrument,St Vincent,Creativity and Songwriting,,false,false
Music,Learn a New Musical Instrument,Sheila E,Drumming and Percussion,,false,true
Music,Learn a New Musical Instrument,Tom Morello,Electric Guitar,,false,true
Music,Learn a New Musical Instrument,Herbie Hancock,Jazz,,false,true
Outdoor Adventures & Events,Develop Your Outdoor Survival Skills,Alex Honnold & Tommy Caldwell,Rock Climbing,,false,true
Outdoor Adventures & Events,Develop Your Outdoor Survival Skills,Jessie Krebs,Wilderness survival,,false,true
Outdoor Adventures & Events,Develop Your Outdoor Survival Skills,Jimmy Chin,Adventure Photography,,false,false
Outdoor Adventures & Events,Embrace Eco-Friendly Living & Gardening,Maurice Harris,Design Stunning Floral Arrangements,,false,false
Outdoor Adventures & Events,Embrace Eco-Friendly Living & Gardening,Alice Waters,the Art of Home Cooking,,false,true
Outdoor Adventures & Events,Embrace Eco-Friendly Living & Gardening,"David Zilber, Dr. Emeran Mayer, and Erica Sonnenburg & Justin...",Gut Health,,false,true
Outdoor Adventures & Events,Embrace Eco-Friendly Living & Gardening,Bill Nye,Science and Problem-Solving,,false,false
Outdoor Adventures & Events,Embrace Eco-Friendly Living & Gardening,Ron Finley,Gardening,,false,false
Outdoor Adventures & Events,Embrace Eco-Friendly Living & Gardening,Michael Pollan,Intentional Eating,,false,false
Outdoor Adventures & Events,Embrace Eco-Friendly Living & Gardening,Dr Jane Goodall,Conservation,,false,true
Outdoor Adventures & Events,"Host an Epic Wedding, Event or Party",Maurice Harris,Design Stunning Floral Arrangements,,false,false
Outdoor Adventures & Events,"Host an Epic Wedding, Event or Party",Alice Waters,the Art of Home Cooking,,false,false
Outdoor Adventures & Events,"Host an Epic Wedding, Event or Party",Mindy Weiss,Plan Your Dream Wedding,,false,true
Outdoor Adventures & Events,"Host an Epic Wedding, Event or Party",Yotam Ottolenghi,Modern Middle Eastern Cooking,,false,false
Outdoor Adventures & Events,"Study, Train & Care For Animals",Brandon McMillan,Dog Training,,false,true
Outdoor Adventures & Events,"Study, Train & Care For Animals",Dr Jane Goodall,Conservation,,false,false
Science & Technology,Innovate With Emerging Technologies,Yo-Yo Ma,Music and Connection,,false,true
Science & Technology,Innovate With Emerging Technologies,"Ethan Mollick, Allie K. Miller, Don Allen III, and Manuel Sainsily",Achieve More With GenAI,,false,true
Science & Technology,Innovate With Emerging Technologies,"Amy Webb, Conor Grennan, and Nichol Bradford",AI Strategy at Work,,false,true
Science & Technology,Innovate With Emerging Technologies,Paul Krugman,Economics,,false,false
Science & Technology,Innovate With Emerging Technologies,Martha Stewart,"Think Like a Boss, Live Like a Legend",,false,false
Science & Technology,Innovate With Emerging Technologies,James Cameron,Filmmaking,,false,false
Science & Technology,Innovate With Emerging Technologies,Rosalind Brewer,Business Innovation,,false,false
Science & Technology,Innovate With Emerging Technologies,"Paul Nakasone, Chris Krebs, and Nicole Perlroth",Cyberwarfare: The Front Line Is You,,false,true
Science & Technology,Innovate With Emerging Technologies,"Chris Dixon, Changpeng ""CZ"" Zhao, Emilie Choi, and Paul Krugman",Crypto and the Blockchain,,false,true
Science & Technology,Live Sustainably With Science,"David Zilber, Dr. Emeran Mayer, and Erica Sonnenburg & Justin...",Gut Health,,false,false
Science & Technology,Live Sustainably With Science,Bill Nye,Science and Problem-Solving,,false,false
Science & Technology,Live Sustainably With Science,Chris Hadfield,Space exploration,,false,true
Science & Technology,Live Sustainably With Science,"Dr. Wendy Suzuki, Dr. Lisa Feldman Barrett, Dr. Uma Naidoo, and...",Brain Health,,false,true
Science & Technology,Live Sustainably With Science,Dr Jane Goodall,Conservation,,false,false
Science & Technology,Unlock the Secrets of Space,"Chris Voss, Chris Hadfield, Condoleezza Rice, and Stephen Hadley",Crisis Day,,false,true
Science & Technology,Unlock the Secrets of Space,Bill Nye,Science and Problem-Solving,,false,false
Science & Technology,Unlock the Secrets of Space,Chris Hadfield,Space Exploration,,false,false
Science & Technology,Unlock the Secrets of Space,Richard Branson,Disruptive Entrepreneurship,,false,false
Science & Technology,Unlock the Secrets of Space,Neil deGrasse Tyson,Scientific Thinking and Communication,,false,false
Science & Technology,Use Behavioral Science to Read Others,Jay Shetty,Navigating Change,,false,false
Science & Technology,Use Behavioral Science to Read Others,Will Wright,Game Design and Theory,,false,false
Science & Technology,Use Behavioral Science to Read Others,Coach K,Values-Driven Leadership,,false,false
Science & Technology,Use Behavioral Science to Read Others,Chris Voss,The Art of Negotiation,,false,false
Science & Technology,Use Behavioral Science to Read Others,James Clear,Small Habits that Make a Big Impact on Your Life,,false,true
Science & Technology,Use Behavioral Science to Read Others,Phil Ivey,Poker Strategy,,false,true
Science & Technology,Use Behavioral Science to Read Others,Daniel Negreanu,Poker,,false,false
Science & Technology,Use Behavioral Science to Read Others,John Douglas,Think Like an FBI Profiler,,false,false
Science & Technology,Use Science and Math to Solve Problems,Bill Nye,Science and Problem-Solving,,false,false
Science & Technology,Use Science and Math to Solve Problems,Terence Tao,Mathematical Thinking,,false,false
Science & Technology,Use Science and Math to Solve Problems,Chris Hadfield,Space Exploration,,false,false
Science & Technology,Use Science and Math to Solve Problems,John Douglas,Think Like an FBI Profiler,,false,false
Science & Technology,Use Science and Math to Solve Problems,Neil deGrasse Tyson,Scientific Thinking and Communication,,false,false
Sports & Athletics,Boost Athletic Prowess & Fitness,Joe Holder,Fitness and Wellness Fundamentals,,false,false
Sports & Athletics,Boost Athletic Prowess & Fitness,Serena Williams,Tennis,,false,true
Sports & Athletics,Boost Athletic Prowess & Fitness,Joan Benoit Samuelson,The Runner's Mindset,,false,false
Sports & Athletics,Boost Athletic Prowess & Fitness,Misty Copeland,Technique and Artistry,,false,false
Sports & Athletics,Boost Athletic Prowess & Fitness,Wayne Gretzky,The Athlete's Mindset,,false,false
Sports & Athletics,Boost Athletic Prowess & Fitness,Stephen Curry,"Shooting, Ball-Handling and Scoring",,false,false
Sports & Athletics,Boost Athletic Prowess & Fitness,Lewis Hamilton,A Winning Mindset,,false,false
Sports & Athletics,Boost Athletic Prowess & Fitness,Simone Biles,Gymnastics Fundamentals,,false,false
Sports & Athletics,Boost Athletic Prowess & Fitness,Dr. Peter Attia,Dr. Peter Attia,,false,false
Sports & Athletics,Get Tactical Sports Skills & Strategies,"Joe Fortenbaugh, Nick Kostos, Captain Jack Andrews, Gina Fiore, Rob...",Bet Smart: Top Sports Betting Strategies,,false,true
Sports & Athletics,Get Tactical Sports Skills & Strategies,Serena Williams,Tennis,,false,false
Sports & Athletics,Get Tactical Sports Skills & Strategies,Joan Benoit Samuelson,The Runner's Mindset,,false,false
Sports & Athletics,Get Tactical Sports Skills & Strategies,Wayne Gretzky,The Athlete's Mindset,,false,false
Sports & Athletics,Get Tactical Sports Skills & Strategies,Alex Honnold & Tommy Caldwell,Rock Climbing,,false,false
Sports & Athletics,Get Tactical Sports Skills & Strategies,Tony Hawk,Skateboarding,,false,true
Sports & Athletics,Get Tactical Sports Skills & Strategies,Stephen Curry,"Shooting, Ball-Handling and Scoring",,false,false
Sports & Athletics,Get Tactical Sports Skills & Strategies,Simone Biles,Gymnastics Fundamentals,,false,false
Sports & Athletics,Get Tactical Sports Skills & Strategies,"Angie Mar, Charles Gabriel, Quie Slobert, Stefano Secchi, Dale...",GOAT,,false,true
Sports & Athletics,Improve Your Mental Game,Robin Arzón,Mental Strength,,false,false
Sports & Athletics,Improve Your Mental Game,Serena Williams,Tennis,,false,false
Sports & Athletics,Improve Your Mental Game,Joan Benoit Samuelson,The Runner's Mindset,,false,false
Sports & Athletics,Improve Your Mental Game,Wayne Gretzky,The Athlete's Mindset,,false,false
Sports & Athletics,Improve Your Mental Game,Alex Honnold & Tommy Caldwell,Rock Climbing,,false,false
Sports & Athletics,Improve Your Mental Game,Jessie Krebs,Wilderness survival,,false,false
Sports & Athletics,Improve Your Mental Game,Tony Hawk,Skateboarding,,false,false
Sports & Athletics,Improve Your Mental Game,Copa 71,A Sports Documentary From Serena and Venus Williams,,false,true
Sports & Athletics,Improve Your Mental Game,Stephen Curry,"Shooting, Ball-Handling and Scoring",,false,false
Sports & Athletics,Improve Your Mental Game,Lewis Hamilton,A Winning Mindset,,false,false
Sports & Athletics,Improve Your Mental Game,Coach K,Values-Driven Leadership,,false,false
Sports & Athletics,Improve Your Mental Game,Simone Biles,Gymnastics Fundamentals,,false,false
Sports & Athletics,Improve Your Mental Game,Robin Roberts,Effective and Authentic Communication,,false,false
Sports & Athletics,Improve Your Mental Game,Phil Ivey,Poker Strategy,,false,false
Sports & Athletics,Improve Your Mental Game,Geno Auriemma,Leading Winning Teams,,false,false
Sports & Athletics,Improve Your Mental Game,Garry Kasparov,Chess,,false,true
Sports & Athletics,Lead & Unite Teams,Wayne Gretzky,The Athlete's Mindset,,false,false
Sports & Athletics,Lead & Unite Teams,Copa 71,A Sports Documentary From Serena and Venus Williams,,false,false
Sports & Athletics,Lead & Unite Teams,Lewis Hamilton,A Winning Mindset,,false,false
Sports & Athletics,Lead & Unite Teams,Coach K,Values-Driven Leadership,,false,false
Sports & Athletics,Lead & Unite Teams,Geno Auriemma,Leading Winning Teams,,false,false
Writing,Craft Compelling Stories,Mindy Kaling,Scripting Your Own Success,,false,false
Writing,Craft Compelling Stories,Margaret Atwood,Creative Writing,,false,true
Writing,Craft Compelling Stories,Dan Brown,Writing Thrillers,,false,true
Writing,Craft Compelling Stories,Amy Tan,"Fiction, Memory and Imagination",,false,true
Writing,Craft Compelling Stories,Joyce Carol Oates,The Art of the Short Story,,false,true
Writing,Craft Compelling Stories,Michael Lewis,Tell a Great Story,,false,false
Writing,Craft Compelling Stories,Issa Rae,Creating Outside the Lines,,false,false
Writing,Craft Compelling Stories,LeVar Burton,The Power of Storytelling,,false,false
Writing,Craft Compelling Stories,David Baldacci,Mystery and Thriller Writing,,false,true
Writing,Craft Compelling Stories,Walter Mosley,Fiction and Storytelling,,false,true
Writing,Craft Compelling Stories,Roxane Gay,Writing for Social Change,,false,false
Writing,Craft Compelling Stories,Salman Rushdie,Storytelling and Writing,,false,true
Writing,Craft Compelling Stories,Judy Blume,Writing,,false,true
Writing,Craft Compelling Stories,David Mamet,Dramatic Writing,,false,false
Writing,Craft Compelling Stories,Malcolm Gladwell,Writing,,false,true
Writing,Craft Compelling Stories,R.L. Stine,Writing for Young Audiences,,false,true
Writing,Craft Compelling Stories,James Patterson,Writing,,false,true
Writing,Edit Your Work & Get It Published,Margaret Atwood,Creative Writing,,false,false
Writing,Edit Your Work & Get It Published,Dan Brown,Writing Thrillers,,false,false
Writing,Edit Your Work & Get It Published,Amy Tan,"Fiction, Memory and Imagination",,false,false
Writing,Edit Your Work & Get It Published,Joyce Carol Oates,The Art of the Short Story,,false,false
Writing,Edit Your Work & Get It Published,N.K. Jemisin,Fantasy and Science Fiction Writing,,false,false
Writing,Edit Your Work & Get It Published,David Sedaris,Storytelling and Humour,,false,true
Writing,Edit Your Work & Get It Published,Aaron Sorkin,Screenwriting,,false,false
Writing,Edit Your Work & Get It Published,David Baldacci,Mystery and Thriller Writing,,false,false
Writing,Edit Your Work & Get It Published,Walter Mosley,Fiction and Storytelling,,false,false
Writing,Edit Your Work & Get It Published,Roxane Gay,Writing for Social Change,,false,false
Writing,Edit Your Work & Get It Published,Amanda Gorman,Writing and Performing Poetry,,false,false
Writing,Edit Your Work & Get It Published,Bob Woodward,Investigative Journalism,,false,false
Writing,Edit Your Work & Get It Published,Salman Rushdie,Storytelling and Writing,,false,false
Writing,Edit Your Work & Get It Published,Judy Blume,Writing,,false,false
Writing,Edit Your Work & Get It Published,Malcolm Gladwell,Writing,,false,false
Writing,Edit Your Work & Get It Published,James Patterson,Writing,,false,false
Writing,Express Yourself Through Poetry,Billy Collins,Reading and Writing Poetry,,false,true
Writing,Express Yourself Through Poetry,Walter Mosley,Fiction and Storytelling,,false,false
Writing,Express Yourself Through Poetry,Amanda Gorman,Writing and Performing Poetry,,false,false
Writing,Express Yourself Through Poetry,Joy Harjo,Poetic Thinking,,false,true
Writing,Highlight Diversity in Your Writing,Issa Rae,Creating Outside the Lines,,false,false
Writing,Highlight Diversity in Your Writing,N.K. Jemisin,Fantasy and Science Fiction Writing,,false,false
Writing,Highlight Diversity in Your Writing,Walter Mosley,Fiction and Storytelling,,false,false
Writing,Highlight Diversity in Your Writing,Roxane Gay,Writing for Social Change,,false,false
Writing,Highlight Diversity in Your Writing,"Angela Davis, Cornel West, Kimberlé Williams Crenshaw, Nikole...","Black History, Black Freedom, and Black Love",,false,true
Writing,Hone Your Writing Process & Voice,Mindy Kaling,Scripting Your Own Success,,false,false
Writing,Hone Your Writing Process & Voice,"Ethan Mollick, Allie K. Miller, Don Allen III, and Manuel Sainsily",Achieve More With GenAI,,false,false
Writing,Hone Your Writing Process & Voice,Margaret Atwood,Creative Writing,,false,false
Writing,Hone Your Writing Process & Voice,Dan Brown,Writing Thrillers,,false,false
Writing,Hone Your Writing Process & Voice,Amy Tan,"Fiction, Memory and Imagination",,false,false
Writing,Hone Your Writing Process & Voice,Joyce Carol Oates,The Art of the Short Story,,false,false
Writing,Hone Your Writing Process & Voice,Michael Lewis,Tell a Great Story,,false,false
Writing,Hone Your Writing Process & Voice,David Sedaris,Storytelling and Humour,,false,false
Writing,Hone Your Writing Process & Voice,Billy Collins,Reading and Writing Poetry,,false,false
Writing,Hone Your Writing Process & Voice,David Baldacci,Mystery and Thriller Writing,,false,false
Writing,Hone Your Writing Process & Voice,Walter Mosley,Fiction and Storytelling,,false,false
Writing,Hone Your Writing Process & Voice,Roxane Gay,Writing for Social Change,,false,false
Writing,Hone Your Writing Process & Voice,Bob Woodward,Investigative Journalism,,false,false
Writing,Hone Your Writing Process & Voice,Salman Rushdie,Storytelling and Writing,,false,false
Writing,Hone Your Writing Process & Voice,Judy Blume,Writing,,false,false
Writing,Hone Your Writing Process & Voice,David Mamet,Dramatic Writing,,false,false
Writing,Hone Your Writing Process & Voice,Malcolm Gladwell,Writing,,false,false
Writing,Hone Your Writing Process & Voice,R.L. Stine,Writing for Young Audiences,,false,false
Writing,Hone Your Writing Process & Voice,James Patterson,Writing,,false,false
Writing,Learn Worldbuilding & Genre Writing,Margaret Atwood,Creative Writing,,false,false
Writing,Learn Worldbuilding & Genre Writing,"Gloria Steinem, Kevin Smith, and Cornel West",Talking Shop,,false,true
Writing,Learn Worldbuilding & Genre Writing,Will Wright,Game Design and Theory,,false,false
Writing,Learn Worldbuilding & Genre Writing,The Duffer Brothers,Developing an Original TV Series,,false,false
Writing,Learn Worldbuilding & Genre Writing,N.K. Jemisin,Fantasy and Science Fiction Writing,,false,false
Writing,Learn Worldbuilding & Genre Writing,Salman Rushdie,Storytelling and Writing,,false,false
Writing,Learn Worldbuilding & Genre Writing,R.L. Stine,Writing for Young Audiences,,false,false
Writing,Overcome Writer's Block & Other Hurdles,Margaret Atwood,Creative Writing,,false,false
Writing,Overcome Writer's Block & Other Hurdles,Dan Brown,Writing Thrillers,,false,false
Writing,Overcome Writer's Block & Other Hurdles,Amy Tan,"Fiction, Memory and Imagination",,false,false
Writing,Overcome Writer's Block & Other Hurdles,David Baldacci,Mystery and Thriller Writing,,false,false
Writing,Overcome Writer's Block & Other Hurdles,Joy Harjo,Poetic Thinking,,false,false
Writing,Overcome Writer's Block & Other Hurdles,Judy Blume,Writing,,false,false
Writing,Overcome Writer's Block & Other Hurdles,R.L. Stine,Writing for Young Audiences,,false,false
Writing,Overcome Writer's Block & Other Hurdles,James Patterson,Writing,,false,false
Writing,Spark Creativity & Generate Ideas,Mindy Kaling,Scripting Your Own Success,,false,false
Writing,Spark Creativity & Generate Ideas,"Ethan Mollick, Allie K. Miller, Don Allen III, and Manuel Sainsily",Achieve More With GenAI,,false,false
Writing,Spark Creativity & Generate Ideas,David Lynch,Creativity and Film,,false,false
Writing,Spark Creativity & Generate Ideas,Amy Tan,"Fiction, Memory and Imagination",,false,false
Writing,Spark Creativity & Generate Ideas,Joyce Carol Oates,The Art of the Short Story,,false,false
Writing,Spark Creativity & Generate Ideas,The Duffer Brothers,Developing an Original TV Series,,false,false
Writing,Spark Creativity & Generate Ideas,David Sedaris,Storytelling and Humour,,false,false
Writing,Spark Creativity & Generate Ideas,Ava DuVernay,Reframe Your Thinking,,false,false
Writing,Spark Creativity & Generate Ideas,David Baldacci,Mystery and Thriller Writing,,false,false
Writing,Spark Creativity & Generate Ideas,Walter Mosley,Fiction and Storytelling,,false,false
Writing,Spark Creativity & Generate Ideas,Judy Blume,Writing,,false,false
Writing,Spark Creativity & Generate Ideas,David Mamet,Dramatic Writing,,false,false
Writing,Spark Creativity & Generate Ideas,R.L. Stine,Writing for Young Audiences,,false,false
Writing,Spark Creativity & Generate Ideas,James Patterson,Writing,,false,false
Writing,Study Journalism & Reporting,Margaret Atwood,Creative Writing,,false,false
Writing,Study Journalism & Reporting,George Stephanopoulos,Purposeful Communication,,false,false
Writing,Study Journalism & Reporting,Dan Brown,Writing Thrillers,,false,false
Writing,Study Journalism & Reporting,Michael Lewis,Tell a Great Story,,false,false
Writing,Study Journalism & Reporting,Aaron Sorkin,Screenwriting,,false,false
Writing,Study Journalism & Reporting,Robin Roberts,Effective and Authentic Communication,,false,false
Writing,Study Journalism & Reporting,David Baldacci,Mystery and Thriller Writing,,false,false
Writing,Study Journalism & Reporting,Ken Burns,Documentary Filmmaking,,false,false
Writing,Study Journalism & Reporting,Bob Woodward,Investigative Journalism,,false,false
Writing,Study Journalism & Reporting,Salman Rushdie,Storytelling and Writing,,false,false
Writing,Study Journalism & Reporting,Shonda Rhimes,Writing for Television,,false,false
Writing,Study Journalism & Reporting,Malcolm Gladwell,Writing,,false,false
Writing,Write Vivid Characters,Margaret Atwood,Creative Writing,,false,false
Writing,Write Vivid Characters,Amy Tan,"Fiction, Memory and Imagination",,false,false
Writing,Write Vivid Characters,Joyce Carol Oates,The Art of the Short Story,,false,false
Writing,Write Vivid Characters,N.K. Jemisin,Fantasy and Science Fiction Writing,,false,false
Writing,Write Vivid Characters,David Baldacci,Mystery and Thriller Writing,,false,false
Writing,Write Vivid Characters,Walter Mosley,Fiction and Storytelling,,false,false
Writing,Write Vivid Characters,Salman Rushdie,Storytelling and Writing,,false,false
Writing,Write Vivid Characters,Judy Blume,Writing,,false,false
Writing,Write Vivid Characters,David Mamet,Dramatic Writing,,false,false
Writing,Write Vivid Characters,Malcolm Gladwell,Writing,,false,false
Writing,Write Vivid Characters,R.L. Stine,Writing for Young Audiences,,false,false
Writing,Write Vivid Characters,James Patterson,Writing,,false,false
